scenario,mean_pd,p95_pd,mean_el,total_el,pct_change_el
MCAR_10,0.4273764561449989,0.7025635434374977,0.19231940526524954,8654.37323693623,-0.010644408706853986
MNAR_10,0.42738952087134646,0.7031149265853295,0.19232528439210592,8654.637797644766,-0.007587774328249769
MCAR_20,0.4276935062471351,0.7026873964194204,0.1924620778112108,8660.793501504486,0.06353290019007729
MNAR_20,0.42727947563268553,0.703226996518703,0.19227576403470853,8652.409381561883,-0.0333340510390452
MCAR_30,0.4276671190018687,0.7022761424751168,0.19245020355084091,8660.259159787842,0.05735931806575172
MNAR_30,0.4273936730878162,0.7021208429711948,0.19232715288951724,8654.721880028275,-0.006616318266263713
