scenario,mean_pd,p95_pd,mean_el,total_el
NOISE_UP_10,0.4274219446537609,0.7032211861396357,0.19233987509419234,8655.294379238656
NOISE_DOWN_10,0.4274219343487284,0.703221230507725,0.1923398704569278,8655.29417056175
NOISE_UP_20,0.42742192572776905,0.7032210155028062,0.19233986657749613,8655.293995987326
NOISE_DOWN_20,0.42742194854471954,0.7032211833392511,0.19233987684512377,8655.29445803057
